use testjetbrains;

INSERT INTO ADDRESS (ID, ADDITIONALINFO, STREET, CITY_ZIP) VALUES (1, '304 st. th', 'Vestervang', 6091);
INSERT INTO ADDRESS (ID, ADDITIONALINFO, STREET, CITY_ZIP) VALUES (2, '21', 'Østerløkke', 6000);
INSERT INTO ADDRESS (ID, ADDITIONALINFO, STREET, CITY_ZIP) VALUES (3, '52', 'Main street', 2800);
INSERT INTO ADDRESS (ID, ADDITIONALINFO, STREET, CITY_ZIP) VALUES (4, '72 st', 'Nordvej', 2400);

insert into PHONE (ID, DESCRIPTION, NUMBER) values (1, 'enhance turn-key markets', '184-236-3713');
insert into PHONE (ID, DESCRIPTION, NUMBER) values (2, 'brand bleeding-edge convergence', '463-159-9365');
insert into PHONE (ID, DESCRIPTION, NUMBER) values (3, 'innovate back-end supply-chains', '547-509-7488');
insert into PHONE (ID, DESCRIPTION, NUMBER) values (4, 'revolutionize bricks-and-clicks supply-chains', '872-373-2660');
insert into PHONE (ID, DESCRIPTION, NUMBER) values (5, 'synergize web-enabled schemas', '382-431-8617');
insert into PHONE (ID, DESCRIPTION, NUMBER) values (6, 'integrate robust infrastructures', '949-127-1193');
insert into PHONE (ID, DESCRIPTION, NUMBER) values (7, 'enable granular e-services', '424-521-8088');
insert into PHONE (ID, DESCRIPTION, NUMBER) values (8, 'streamline bricks-and-clicks bandwidth', '128-118-5867');
insert into PHONE (ID, DESCRIPTION, NUMBER) values (9, 'empower B2C infomediaries', '323-217-8247');
insert into PHONE (ID, DESCRIPTION, NUMBER) values (10, 'strategize front-end bandwidth', '414-556-1294');
insert into PHONE (ID, DESCRIPTION, NUMBER) values (11, 'synergize collaborative methodologies', '467-736-2235');
insert into PHONE (ID, DESCRIPTION, NUMBER) values (12, 'cultivate leading-edge paradigms', '147-615-8988');
insert into PHONE (ID, DESCRIPTION, NUMBER) values (13, 'seize leading-edge solutions', '749-234-4622');
insert into PHONE (ID, DESCRIPTION, NUMBER) values (14, 'streamline magnetic technologies', '439-272-4344');
insert into PHONE (ID, DESCRIPTION, NUMBER) values (15, 'optimize strategic bandwidth', '602-474-4966');
insert into PHONE (ID, DESCRIPTION, NUMBER) values (16, 'generate holistic metrics', '434-396-6344');
insert into PHONE (ID, DESCRIPTION, NUMBER) values (17, 'orchestrate cross-platform schemas', '381-851-8919');
insert into PHONE (ID, DESCRIPTION, NUMBER) values (18, 'grow dot-com relationships', '907-660-7548');
insert into PHONE (ID, DESCRIPTION, NUMBER) values (19, 'incentivize B2C applications', '291-283-2005');
insert into PHONE (ID, DESCRIPTION, NUMBER) values (20, 'mesh mission-critical relationships', '547-832-1561');
insert into PHONE (ID, DESCRIPTION, NUMBER) values (21, 'morph synergistic e-tailers', '245-131-6687');
insert into PHONE (ID, DESCRIPTION, NUMBER) values (22, 'syndicate extensible mindshare', '247-493-4748');
insert into PHONE (ID, DESCRIPTION, NUMBER) values (23, 'utilize real-time content', '320-643-8374');
insert into PHONE (ID, DESCRIPTION, NUMBER) values (24, 'monetize out-of-the-box paradigms', '418-396-8993');
insert into PHONE (ID, DESCRIPTION, NUMBER) values (25, 'recontextualize vertical e-markets', '691-654-2409');
insert into PHONE (ID, DESCRIPTION, NUMBER) values (26, 'cultivate distributed eyeballs', '952-879-6779');
insert into PHONE (ID, DESCRIPTION, NUMBER) values (27, 'synthesize real-time schemas', '214-794-7632');
insert into PHONE (ID, DESCRIPTION, NUMBER) values (28, 'grow ubiquitous schemas', '787-531-4184');
insert into PHONE (ID, DESCRIPTION, NUMBER) values (29, 'drive distributed initiatives', '843-343-1538');
insert into PHONE (ID, DESCRIPTION, NUMBER) values (30, 'iterate cross-media portals', '310-948-8893');
insert into PHONE (ID, DESCRIPTION, NUMBER) values (31, 'mesh frictionless channels', '222-787-3507');
insert into PHONE (ID, DESCRIPTION, NUMBER) values (32, 'incubate best-of-breed e-tailers', '305-881-6622');
insert into PHONE (ID, DESCRIPTION, NUMBER) values (33, 'facilitate next-generation content', '935-958-8769');
insert into PHONE (ID, DESCRIPTION, NUMBER) values (34, 'streamline dynamic platforms', '590-908-4871');
insert into PHONE (ID, DESCRIPTION, NUMBER) values (35, 'facilitate revolutionary users', '826-794-5798');
insert into PHONE (ID, DESCRIPTION, NUMBER) values (36, 'architect best-of-breed eyeballs', '987-614-0073');
insert into PHONE (ID, DESCRIPTION, NUMBER) values (37, 'facilitate B2B supply-chains', '445-905-2251');
insert into PHONE (ID, DESCRIPTION, NUMBER) values (38, 'iterate interactive paradigms', '187-760-4787');
insert into PHONE (ID, DESCRIPTION, NUMBER) values (39, 'recontextualize one-to-one paradigms', '314-800-9486');
insert into PHONE (ID, DESCRIPTION, NUMBER) values (40, 'disintermediate synergistic platforms', '928-211-8260');
insert into PHONE (ID, DESCRIPTION, NUMBER) values (41, 'seize open-source e-markets', '572-861-0104');
insert into PHONE (ID, DESCRIPTION, NUMBER) values (42, 'generate revolutionary schemas', '973-553-9002');
insert into PHONE (ID, DESCRIPTION, NUMBER) values (43, 'strategize customized mindshare', '712-639-8963');
insert into PHONE (ID, DESCRIPTION, NUMBER) values (44, 'embrace e-business infrastructures', '375-377-0029');
insert into PHONE (ID, DESCRIPTION, NUMBER) values (45, 'mesh bricks-and-clicks content', '484-736-7089');
insert into PHONE (ID, DESCRIPTION, NUMBER) values (46, 'morph integrated architectures', '541-705-1113');
insert into PHONE (ID, DESCRIPTION, NUMBER) values (47, 'visualize synergistic content', '639-126-7888');
insert into PHONE (ID, DESCRIPTION, NUMBER) values (48, 'exploit B2B platforms', '360-454-7197');
insert into PHONE (ID, DESCRIPTION, NUMBER) values (49, 'synergize plug-and-play networks', '631-217-0351');
insert into PHONE (ID, DESCRIPTION, NUMBER) values (50, 'utilize wireless technologies', '779-938-1778');


insert into INFOENTITY (ID, DTYPE, EMAIL, ADDRESS_ID) values (1, 'COMPANY', 'trump0@yahoo.co.jp', 4);
insert into INFOENTITY (ID, DTYPE, EMAIL, ADDRESS_ID) values (2, 'COMPANY', 'pstormouth1@patch.com', 3);
insert into INFOENTITY (ID, DTYPE, EMAIL, ADDRESS_ID) values (3, 'COMPANY', 'gclute2@facebook.com', 3);
insert into INFOENTITY (ID, DTYPE, EMAIL, ADDRESS_ID) values (4, 'COMPANY', 'nbyas3@baidu.com', 4);
insert into INFOENTITY (ID, DTYPE, EMAIL, ADDRESS_ID) values (5, 'COMPANY', 'lfeavyour4@booking.com', 1);
insert into INFOENTITY (ID, DTYPE, EMAIL, ADDRESS_ID) values (6, 'COMPANY', 'gspellar5@taobao.com', 2);
insert into INFOENTITY (ID, DTYPE, EMAIL, ADDRESS_ID) values (7, 'COMPANY', 'gstroband6@gravatar.com', 4);
insert into INFOENTITY (ID, DTYPE, EMAIL, ADDRESS_ID) values (8, 'COMPANY', 'cbarense7@apache.org', 2);
insert into INFOENTITY (ID, DTYPE, EMAIL, ADDRESS_ID) values (9, 'COMPANY', 'tprime8@mtv.com', 4);
insert into INFOENTITY (ID, DTYPE, EMAIL, ADDRESS_ID) values (10, 'COMPANY', 'lgreader9@nifty.com', 3);
insert into INFOENTITY (ID, DTYPE, EMAIL, ADDRESS_ID) values (11, 'COMPANY', 'ckordovania@uol.com.br', 4);
insert into INFOENTITY (ID, DTYPE, EMAIL, ADDRESS_ID) values (12, 'COMPANY', 'aroddab@discuz.net', 2);
insert into INFOENTITY (ID, DTYPE, EMAIL, ADDRESS_ID) values (13, 'COMPANY', 'kashplantc@opensource.org', 2);
insert into INFOENTITY (ID, DTYPE, EMAIL, ADDRESS_ID) values (14, 'COMPANY', 'kjeschnerd@ihg.com', 4);
insert into INFOENTITY (ID, DTYPE, EMAIL, ADDRESS_ID) values (15, 'COMPANY', 'kwythee@goo.gl', 4);
insert into INFOENTITY (ID, DTYPE, EMAIL, ADDRESS_ID) values (16, 'COMPANY', 'rwelfairf@apple.com', 4);
insert into INFOENTITY (ID, DTYPE, EMAIL, ADDRESS_ID) values (17, 'COMPANY', 'scelandg@mozilla.com', 4);
insert into INFOENTITY (ID, DTYPE, EMAIL, ADDRESS_ID) values (18, 'COMPANY', 'bgiamoh@list-manage.com', 3);
insert into INFOENTITY (ID, DTYPE, EMAIL, ADDRESS_ID) values (19, 'COMPANY', 'icoleyi@soundcloud.com', 3);
insert into INFOENTITY (ID, DTYPE, EMAIL, ADDRESS_ID) values (20, 'COMPANY', 'fcumminej@arstechnica.com', 4);
insert into INFOENTITY (ID, DTYPE, EMAIL, ADDRESS_ID) values (21, 'COMPANY', 'jhassallk@bloglines.com', 1);
insert into INFOENTITY (ID, DTYPE, EMAIL, ADDRESS_ID) values (22, 'COMPANY', 'bmartynl@networksolutions.com', 4);
insert into INFOENTITY (ID, DTYPE, EMAIL, ADDRESS_ID) values (23, 'COMPANY', 'dsandelsm@privacy.gov.au', 3);
insert into INFOENTITY (ID, DTYPE, EMAIL, ADDRESS_ID) values (24, 'COMPANY', 'dalwelln@apple.com', 4);
insert into INFOENTITY (ID, DTYPE, EMAIL, ADDRESS_ID) values (25, 'COMPANY', 'eblabyo@cloudflare.com', 4);
insert into INFOENTITY (ID, DTYPE, EMAIL, ADDRESS_ID) values (26, 'COMPANY', 'urallsp@cbsnews.com', 2);
insert into INFOENTITY (ID, DTYPE, EMAIL, ADDRESS_ID) values (27, 'COMPANY', 'itaggettq@icq.com', 4);
insert into INFOENTITY (ID, DTYPE, EMAIL, ADDRESS_ID) values (28, 'COMPANY', 'neatr@senate.gov', 2);
insert into INFOENTITY (ID, DTYPE, EMAIL, ADDRESS_ID) values (29, 'COMPANY', 'rherches@hhs.gov', 2);
insert into INFOENTITY (ID, DTYPE, EMAIL, ADDRESS_ID) values (30, 'COMPANY', 'mraikert@ycombinator.com', 3);
insert into INFOENTITY (ID, DTYPE, EMAIL, ADDRESS_ID) values (31, 'COMPANY', 'lmarianu@google.com', 3);
insert into INFOENTITY (ID, DTYPE, EMAIL, ADDRESS_ID) values (32, 'COMPANY', 'tprydev@freewebs.com', 4);
insert into INFOENTITY (ID, DTYPE, EMAIL, ADDRESS_ID) values (33, 'COMPANY', 'wtabourelw@arizona.edu', 2);
insert into INFOENTITY (ID, DTYPE, EMAIL, ADDRESS_ID) values (34, 'COMPANY', 'gcathenodx@usatoday.com', 3);
insert into INFOENTITY (ID, DTYPE, EMAIL, ADDRESS_ID) values (35, 'COMPANY', 'lseawardy@telegraph.co.uk', 1);
insert into INFOENTITY (ID, DTYPE, EMAIL, ADDRESS_ID) values (36, 'COMPANY', 'mtappz@elpais.com', 2);
insert into INFOENTITY (ID, DTYPE, EMAIL, ADDRESS_ID) values (37, 'COMPANY', 'hschulze10@livejournal.com', 4);
insert into INFOENTITY (ID, DTYPE, EMAIL, ADDRESS_ID) values (38, 'COMPANY', 'bpiddick11@mediafire.com', 4);
insert into INFOENTITY (ID, DTYPE, EMAIL, ADDRESS_ID) values (39, 'COMPANY', 'egobeaux12@usa.gov', 2);
insert into INFOENTITY (ID, DTYPE, EMAIL, ADDRESS_ID) values (40, 'COMPANY', 'dsallowaye13@msn.com', 1);
insert into INFOENTITY (ID, DTYPE, EMAIL, ADDRESS_ID) values (41, 'COMPANY', 'fkaas14@unblog.fr', 1);
insert into INFOENTITY (ID, DTYPE, EMAIL, ADDRESS_ID) values (42, 'COMPANY', 'ashervil15@constantcontact.com', 1);
insert into INFOENTITY (ID, DTYPE, EMAIL, ADDRESS_ID) values (43, 'COMPANY', 'gcolledge16@cdbaby.com', 3);
insert into INFOENTITY (ID, DTYPE, EMAIL, ADDRESS_ID) values (44, 'COMPANY', 'cfaveryear17@earthlink.net', 3);
insert into INFOENTITY (ID, DTYPE, EMAIL, ADDRESS_ID) values (45, 'COMPANY', 'fcove18@huffingtonpost.com', 3);
insert into INFOENTITY (ID, DTYPE, EMAIL, ADDRESS_ID) values (46, 'COMPANY', 'ajosefsson19@hostgator.com', 3);
insert into INFOENTITY (ID, DTYPE, EMAIL, ADDRESS_ID) values (47, 'COMPANY', 'mdinsell1a@networkadvertising.org', 3);
insert into INFOENTITY (ID, DTYPE, EMAIL, ADDRESS_ID) values (48, 'COMPANY', 'bhousley1b@nsw.gov.au', 1);
insert into INFOENTITY (ID, DTYPE, EMAIL, ADDRESS_ID) values (49, 'COMPANY', 'dkendell1c@redcross.org', 4);
insert into INFOENTITY (ID, DTYPE, EMAIL, ADDRESS_ID) values (50, 'COMPANY', 'gfennelly1d@sakura.ne.jp', 3);
insert into INFOENTITY (ID, DTYPE, EMAIL, ADDRESS_ID) values (51, 'PERSON', 'tives0@zdnet.com', 2);
insert into INFOENTITY (ID, DTYPE, EMAIL, ADDRESS_ID) values (52, 'PERSON', 'nmarley1@google.com.br', 2);
insert into INFOENTITY (ID, DTYPE, EMAIL, ADDRESS_ID) values (53, 'PERSON', 'acrathorne2@etsy.com', 1);
insert into INFOENTITY (ID, DTYPE, EMAIL, ADDRESS_ID) values (54, 'PERSON', 'lglinde3@drupal.org', 4);
insert into INFOENTITY (ID, DTYPE, EMAIL, ADDRESS_ID) values (55, 'PERSON', 'ebeininck4@mozilla.com', 3);
insert into INFOENTITY (ID, DTYPE, EMAIL, ADDRESS_ID) values (56, 'PERSON', 'drodders5@tinyurl.com', 1);
insert into INFOENTITY (ID, DTYPE, EMAIL, ADDRESS_ID) values (57, 'PERSON', 'kary6@paginegialle.it', 2);
insert into INFOENTITY (ID, DTYPE, EMAIL, ADDRESS_ID) values (58, 'PERSON', 'hvillage7@fastcompany.com', 3);
insert into INFOENTITY (ID, DTYPE, EMAIL, ADDRESS_ID) values (59, 'PERSON', 'ekornyshev8@samsung.com', 4);
insert into INFOENTITY (ID, DTYPE, EMAIL, ADDRESS_ID) values (60, 'PERSON', 'bsoloway9@latimes.com', 3);
insert into INFOENTITY (ID, DTYPE, EMAIL, ADDRESS_ID) values (61, 'PERSON', 'eripleya@independent.co.uk', 2);
insert into INFOENTITY (ID, DTYPE, EMAIL, ADDRESS_ID) values (62, 'PERSON', 'memanueleb@phpbb.com', 1);
insert into INFOENTITY (ID, DTYPE, EMAIL, ADDRESS_ID) values (63, 'PERSON', 'rlashleyc@fastcompany.com', 3);
insert into INFOENTITY (ID, DTYPE, EMAIL, ADDRESS_ID) values (64, 'PERSON', 'abanasiakd@soup.io', 1);
insert into INFOENTITY (ID, DTYPE, EMAIL, ADDRESS_ID) values (65, 'PERSON', 'nfryatte@ucoz.com', 4);
insert into INFOENTITY (ID, DTYPE, EMAIL, ADDRESS_ID) values (66, 'PERSON', 'gwildsmithf@google.es', 3);
insert into INFOENTITY (ID, DTYPE, EMAIL, ADDRESS_ID) values (67, 'PERSON', 'dmonkemang@w3.org', 4);
insert into INFOENTITY (ID, DTYPE, EMAIL, ADDRESS_ID) values (68, 'PERSON', 'hdaenh@ibm.com', 4);
insert into INFOENTITY (ID, DTYPE, EMAIL, ADDRESS_ID) values (69, 'PERSON', 'bburrowi@ca.gov', 4);
insert into INFOENTITY (ID, DTYPE, EMAIL, ADDRESS_ID) values (70, 'PERSON', 'eaugustinj@yahoo.com', 1);
insert into INFOENTITY (ID, DTYPE, EMAIL, ADDRESS_ID) values (71, 'PERSON', 'zblackmoork@istockphoto.com', 1);
insert into INFOENTITY (ID, DTYPE, EMAIL, ADDRESS_ID) values (72, 'PERSON', 'lrohanl@columbia.edu', 1);
insert into INFOENTITY (ID, DTYPE, EMAIL, ADDRESS_ID) values (73, 'PERSON', 'yyounghusbandm@edublogs.org', 2);
insert into INFOENTITY (ID, DTYPE, EMAIL, ADDRESS_ID) values (74, 'PERSON', 'hcarillon@vimeo.com', 2);
insert into INFOENTITY (ID, DTYPE, EMAIL, ADDRESS_ID) values (75, 'PERSON', 'lgarno@admin.ch', 2);
insert into INFOENTITY (ID, DTYPE, EMAIL, ADDRESS_ID) values (76, 'PERSON', 'mborboroughp@google.nl', 1);
insert into INFOENTITY (ID, DTYPE, EMAIL, ADDRESS_ID) values (77, 'PERSON', 'gmallyaq@oakley.com', 3);
insert into INFOENTITY (ID, DTYPE, EMAIL, ADDRESS_ID) values (78, 'PERSON', 'gfowlestoner@spiegel.de', 3);
insert into INFOENTITY (ID, DTYPE, EMAIL, ADDRESS_ID) values (79, 'PERSON', 'dheynens@ehow.com', 4);
insert into INFOENTITY (ID, DTYPE, EMAIL, ADDRESS_ID) values (80, 'PERSON', 'tcluet@examiner.com', 1);
insert into INFOENTITY (ID, DTYPE, EMAIL, ADDRESS_ID) values (81, 'PERSON', 'ltorrijosu@mayoclinic.com', 2);
insert into INFOENTITY (ID, DTYPE, EMAIL, ADDRESS_ID) values (82, 'PERSON', 'gprendergastv@networkadvertising.org', 3);
insert into INFOENTITY (ID, DTYPE, EMAIL, ADDRESS_ID) values (83, 'PERSON', 'jdolderw@nytimes.com', 4);
insert into INFOENTITY (ID, DTYPE, EMAIL, ADDRESS_ID) values (84, 'PERSON', 'fkinvanx@xinhuanet.com', 3);
insert into INFOENTITY (ID, DTYPE, EMAIL, ADDRESS_ID) values (85, 'PERSON', 'sgaffony@wp.com', 4);
insert into INFOENTITY (ID, DTYPE, EMAIL, ADDRESS_ID) values (86, 'PERSON', 'wcumeskyz@trellian.com', 2);
insert into INFOENTITY (ID, DTYPE, EMAIL, ADDRESS_ID) values (87, 'PERSON', 'kpues10@paypal.com', 4);
insert into INFOENTITY (ID, DTYPE, EMAIL, ADDRESS_ID) values (88, 'PERSON', 'rmcgeown11@squarespace.com', 4);
insert into INFOENTITY (ID, DTYPE, EMAIL, ADDRESS_ID) values (89, 'PERSON', 'santal12@networksolutions.com', 1);
insert into INFOENTITY (ID, DTYPE, EMAIL, ADDRESS_ID) values (90, 'PERSON', 'rphethean13@example.com', 2);
insert into INFOENTITY (ID, DTYPE, EMAIL, ADDRESS_ID) values (91, 'PERSON', 'klabrenz14@telegraph.co.uk', 4);
insert into INFOENTITY (ID, DTYPE, EMAIL, ADDRESS_ID) values (92, 'PERSON', 'bbushell15@admin.ch', 3);
insert into INFOENTITY (ID, DTYPE, EMAIL, ADDRESS_ID) values (93, 'PERSON', 'mjzak16@tinypic.com', 4);
insert into INFOENTITY (ID, DTYPE, EMAIL, ADDRESS_ID) values (94, 'PERSON', 'nettels17@discovery.com', 1);
insert into INFOENTITY (ID, DTYPE, EMAIL, ADDRESS_ID) values (95, 'PERSON', 'bpinchback18@t-online.de', 2);
insert into INFOENTITY (ID, DTYPE, EMAIL, ADDRESS_ID) values (96, 'PERSON', 'sbisseker19@biblegateway.com', 3);
insert into INFOENTITY (ID, DTYPE, EMAIL, ADDRESS_ID) values (97, 'PERSON', 'lwimmers1a@mozilla.com', 1);
insert into INFOENTITY (ID, DTYPE, EMAIL, ADDRESS_ID) values (98, 'PERSON', 'hagneau1b@ca.gov', 3);
insert into INFOENTITY (ID, DTYPE, EMAIL, ADDRESS_ID) values (99, 'PERSON', 'mgodbald1c@bloglines.com', 1);
insert into INFOENTITY (ID, DTYPE, EMAIL, ADDRESS_ID) values (100, 'PERSON', 'ldelahaye1d@patch.com', 3);


insert into COMPANY (ID, CVR, DESCRIPTION, MARKETVALUE, NAME, NUMEMPLOYEES) values (1, '336-21-0772', 'brand proactive portals', '$794.98M', 'Cogidoo', 42000);
insert into COMPANY (ID, CVR, DESCRIPTION, MARKETVALUE, NAME, NUMEMPLOYEES) values (2, '648-53-0044', 'target mission-critical communities', '$6.28B', 'Topicware', 33500);
insert into COMPANY (ID, CVR, DESCRIPTION, MARKETVALUE, NAME, NUMEMPLOYEES) values (3, '288-57-0550', 'transition impactful mindshare', '$2.76B', 'Devcast', 24000);
insert into COMPANY (ID, CVR, DESCRIPTION, MARKETVALUE, NAME, NUMEMPLOYEES) values (4, '238-96-7094', 'enable holistic experiences', '$44.57M', 'Flipbug', 34000);
insert into COMPANY (ID, CVR, DESCRIPTION, MARKETVALUE, NAME, NUMEMPLOYEES) values (5, '772-94-3631', 'innovate leading-edge web services', '$1.97B', 'Tagopia', 38500);
insert into COMPANY (ID, CVR, DESCRIPTION, MARKETVALUE, NAME, NUMEMPLOYEES) values (6, '686-85-2950', 'cultivate clicks-and-mortar architectures', '$128.56M', 'Jaxbean', 33500);
insert into COMPANY (ID, CVR, DESCRIPTION, MARKETVALUE, NAME, NUMEMPLOYEES) values (7, '421-61-7573', 'facilitate cross-media platforms', '$1.94B', 'Skipstorm', 46000);
insert into COMPANY (ID, CVR, DESCRIPTION, MARKETVALUE, NAME, NUMEMPLOYEES) values (8, '441-66-2776', 'integrate cutting-edge deliverables', '$172.9M', 'Gigabox', 33000);
insert into COMPANY (ID, CVR, DESCRIPTION, MARKETVALUE, NAME, NUMEMPLOYEES) values (9, '803-72-6860', 'transform visionary e-services', '$439.45M', 'Gevee', 48000);
insert into COMPANY (ID, CVR, DESCRIPTION, MARKETVALUE, NAME, NUMEMPLOYEES) values (10, '289-03-2366', 'empower open-source infomediaries', 'n/a', 'Realbridge', 41000);
insert into COMPANY (ID, CVR, DESCRIPTION, MARKETVALUE, NAME, NUMEMPLOYEES) values (11, '576-57-8207', 'transition bleeding-edge channels', '$2.32M', 'Kayveo', 22500);
insert into COMPANY (ID, CVR, DESCRIPTION, MARKETVALUE, NAME, NUMEMPLOYEES) values (12, '396-46-9606', 'extend virtual e-services', '$1.49B', 'Agivu', 47500);
insert into COMPANY (ID, CVR, DESCRIPTION, MARKETVALUE, NAME, NUMEMPLOYEES) values (13, '618-79-7501', 'recontextualize holistic technologies', 'n/a', 'Zooxo', 28500);
insert into COMPANY (ID, CVR, DESCRIPTION, MARKETVALUE, NAME, NUMEMPLOYEES) values (14, '572-19-5216', 'evolve bleeding-edge solutions', '$1.59B', 'Minyx', 40500);
insert into COMPANY (ID, CVR, DESCRIPTION, MARKETVALUE, NAME, NUMEMPLOYEES) values (15, '113-54-5894', 'envisioneer enterprise bandwidth', 'n/a', 'Zooxo', 16500);
insert into COMPANY (ID, CVR, DESCRIPTION, MARKETVALUE, NAME, NUMEMPLOYEES) values (16, '220-33-6852', 'transition B2B channels', '$539.98M', 'Wikido', 33500);
insert into COMPANY (ID, CVR, DESCRIPTION, MARKETVALUE, NAME, NUMEMPLOYEES) values (17, '665-37-3274', 'optimize sticky synergies', '$62.59M', 'Dablist', 26000);
insert into COMPANY (ID, CVR, DESCRIPTION, MARKETVALUE, NAME, NUMEMPLOYEES) values (18, '424-88-8383', 'deliver extensible communities', '$3.56B', 'Jazzy', 44000);
insert into COMPANY (ID, CVR, DESCRIPTION, MARKETVALUE, NAME, NUMEMPLOYEES) values (19, '217-16-0757', 'synthesize sexy synergies', '$110.06M', 'Wikizz', 46500);
insert into COMPANY (ID, CVR, DESCRIPTION, MARKETVALUE, NAME, NUMEMPLOYEES) values (20, '852-45-6919', 'deploy granular functionalities', '$650.54M', 'Digitube', 30000);
insert into COMPANY (ID, CVR, DESCRIPTION, MARKETVALUE, NAME, NUMEMPLOYEES) values (21, '888-53-9205', 'reintermediate wireless deliverables', 'n/a', 'Kwilith', 43500);
insert into COMPANY (ID, CVR, DESCRIPTION, MARKETVALUE, NAME, NUMEMPLOYEES) values (22, '407-14-6042', 'morph bricks-and-clicks synergies', '$933.63M', 'Miboo', 25500);
insert into COMPANY (ID, CVR, DESCRIPTION, MARKETVALUE, NAME, NUMEMPLOYEES) values (23, '144-45-2443', 'evolve granular web-readiness', '$10.91M', 'Browseblab', 28000);
insert into COMPANY (ID, CVR, DESCRIPTION, MARKETVALUE, NAME, NUMEMPLOYEES) values (24, '730-92-2824', 'visualize enterprise mindshare', '$28.79M', 'Bubbletube', 39500);
insert into COMPANY (ID, CVR, DESCRIPTION, MARKETVALUE, NAME, NUMEMPLOYEES) values (25, '274-99-8680', 'productize vertical bandwidth', '$109.6M', 'Divanoodle', 12000);
insert into COMPANY (ID, CVR, DESCRIPTION, MARKETVALUE, NAME, NUMEMPLOYEES) values (26, '101-39-1989', 'recontextualize integrated web-readiness', 'n/a', 'Zooveo', 30500);
insert into COMPANY (ID, CVR, DESCRIPTION, MARKETVALUE, NAME, NUMEMPLOYEES) values (27, '488-40-1980', 'engage global communities', '$82.91M', 'Jayo', 48000);
insert into COMPANY (ID, CVR, DESCRIPTION, MARKETVALUE, NAME, NUMEMPLOYEES) values (28, '659-83-0247', 'generate plug-and-play models', '$3.46B', 'Oyoloo', 47500);
insert into COMPANY (ID, CVR, DESCRIPTION, MARKETVALUE, NAME, NUMEMPLOYEES) values (29, '716-13-5682', 'synthesize plug-and-play ROI', '$666.23M', 'Feedbug', 11000);
insert into COMPANY (ID, CVR, DESCRIPTION, MARKETVALUE, NAME, NUMEMPLOYEES) values (30, '423-79-8210', 'iterate B2C functionalities', '$9.38B', 'Dabshots', 26000);
insert into COMPANY (ID, CVR, DESCRIPTION, MARKETVALUE, NAME, NUMEMPLOYEES) values (31, '142-37-5738', 'exploit turn-key e-tailers', '$10.91M', 'Shuffledrive', 20000);
insert into COMPANY (ID, CVR, DESCRIPTION, MARKETVALUE, NAME, NUMEMPLOYEES) values (32, '387-77-0773', 'iterate virtual ROI', '$10B', 'Buzzster', 10500);
insert into COMPANY (ID, CVR, DESCRIPTION, MARKETVALUE, NAME, NUMEMPLOYEES) values (33, '348-46-2169', 'empower seamless supply-chains', '$519.54M', 'Dablist', 14000);
insert into COMPANY (ID, CVR, DESCRIPTION, MARKETVALUE, NAME, NUMEMPLOYEES) values (34, '335-24-1506', 'mesh transparent metrics', '$36.76B', 'Avavee', 31500);
insert into COMPANY (ID, CVR, DESCRIPTION, MARKETVALUE, NAME, NUMEMPLOYEES) values (35, '395-95-0821', 'expedite best-of-breed applications', '$356.57M', 'Fiveclub', 44500);
insert into COMPANY (ID, CVR, DESCRIPTION, MARKETVALUE, NAME, NUMEMPLOYEES) values (36, '815-90-6182', 'grow 24/7 schemas', '$3.51B', 'Skipstorm', 38500);
insert into COMPANY (ID, CVR, DESCRIPTION, MARKETVALUE, NAME, NUMEMPLOYEES) values (37, '242-28-1224', 'streamline virtual channels', '$3.57B', 'Gevee', 48500);
insert into COMPANY (ID, CVR, DESCRIPTION, MARKETVALUE, NAME, NUMEMPLOYEES) values (38, '596-32-8759', 'innovate robust experiences', '$5.76M', 'Oyoyo', 42500);
insert into COMPANY (ID, CVR, DESCRIPTION, MARKETVALUE, NAME, NUMEMPLOYEES) values (39, '882-84-3090', 'seize bleeding-edge systems', '$71.99M', 'Wordware', 39000);
insert into COMPANY (ID, CVR, DESCRIPTION, MARKETVALUE, NAME, NUMEMPLOYEES) values (40, '655-99-4856', 'engage B2C applications', '$4.48B', 'Jaxnation', 18500);
insert into COMPANY (ID, CVR, DESCRIPTION, MARKETVALUE, NAME, NUMEMPLOYEES) values (41, '357-87-7659', 'enhance rich deliverables', '$21.58M', 'Zoomlounge', 30000);
insert into COMPANY (ID, CVR, DESCRIPTION, MARKETVALUE, NAME, NUMEMPLOYEES) values (42, '687-85-6859', 'scale customized content', '$476.55M', 'Twitterbeat', 49500);
insert into COMPANY (ID, CVR, DESCRIPTION, MARKETVALUE, NAME, NUMEMPLOYEES) values (43, '341-27-5764', 'cultivate bleeding-edge methodologies', '$4.35B', 'Yodel', 29500);
insert into COMPANY (ID, CVR, DESCRIPTION, MARKETVALUE, NAME, NUMEMPLOYEES) values (44, '185-97-9277', 'streamline B2B convergence', '$6.43B', 'Jayo', 42000);
insert into COMPANY (ID, CVR, DESCRIPTION, MARKETVALUE, NAME, NUMEMPLOYEES) values (45, '562-50-4348', 'strategize clicks-and-mortar eyeballs', '$1.16B', 'Kwinu', 48500);
insert into COMPANY (ID, CVR, DESCRIPTION, MARKETVALUE, NAME, NUMEMPLOYEES) values (46, '179-94-6352', 'orchestrate turn-key eyeballs', '$15.38M', 'Jetwire', 48500);
insert into COMPANY (ID, CVR, DESCRIPTION, MARKETVALUE, NAME, NUMEMPLOYEES) values (47, '825-29-5203', 'streamline collaborative schemas', '$802.93M', 'Camimbo', 13000);
insert into COMPANY (ID, CVR, DESCRIPTION, MARKETVALUE, NAME, NUMEMPLOYEES) values (48, '798-29-5552', 'deploy cross-media supply-chains', '$2.58B', 'Kimia', 27000);
insert into COMPANY (ID, CVR, DESCRIPTION, MARKETVALUE, NAME, NUMEMPLOYEES) values (49, '847-91-8285', 'monetize collaborative technologies', '$270.26M', 'Mynte', 35500);
insert into COMPANY (ID, CVR, DESCRIPTION, MARKETVALUE, NAME, NUMEMPLOYEES) values (50, '656-31-5188', 'revolutionize seamless action-items', 'n/a', 'Yabox', 46500);

insert into HOBBY (ID, DESCRIPTION, NAME) values (1, 'incentivize clicks-and-mortar paradigms', 'Furniture');
insert into HOBBY (ID, DESCRIPTION, NAME) values (2, 'incentivize B2B applications', 'PCS7');
insert into HOBBY (ID, DESCRIPTION, NAME) values (3, 'seize dynamic networks', 'SDSF');
insert into HOBBY (ID, DESCRIPTION, NAME) values (4, 'synthesize seamless e-markets', 'Equipment Installation');
insert into HOBBY (ID, DESCRIPTION, NAME) values (5, 'morph wireless channels', 'Lucene');
insert into HOBBY (ID, DESCRIPTION, NAME) values (6, 'cultivate value-added portals', 'Koha');
insert into HOBBY (ID, DESCRIPTION, NAME) values (7, 'exploit front-end architectures', 'NX-OS');
insert into HOBBY (ID, DESCRIPTION, NAME) values (8, 'extend transparent solutions', 'Gynecologic Surgery');
insert into HOBBY (ID, DESCRIPTION, NAME) values (9, 'harness bricks-and-clicks e-tailers', 'Khalix');
insert into HOBBY (ID, DESCRIPTION, NAME) values (10, 'aggregate ubiquitous e-services', 'Dhcpd');
insert into HOBBY (ID, DESCRIPTION, NAME) values (11, 'e-enable extensible convergence', 'TDA');
insert into HOBBY (ID, DESCRIPTION, NAME) values (12, 'embrace customized markets', 'TCF');
insert into HOBBY (ID, DESCRIPTION, NAME) values (13, 'orchestrate value-added e-tailers', 'Applied Mathematics');
insert into HOBBY (ID, DESCRIPTION, NAME) values (14, 'enhance real-time applications', 'DMMs');
insert into HOBBY (ID, DESCRIPTION, NAME) values (15, 'benchmark global bandwidth', 'ASP');
insert into HOBBY (ID, DESCRIPTION, NAME) values (16, 'revolutionize impactful relationships', 'Abaqus');
insert into HOBBY (ID, DESCRIPTION, NAME) values (17, 'orchestrate out-of-the-box ROI', 'MCSD');
insert into HOBBY (ID, DESCRIPTION, NAME) values (18, 'transition B2C bandwidth', 'Documentaries');
insert into HOBBY (ID, DESCRIPTION, NAME) values (19, 'engineer robust metrics', 'LLP');
insert into HOBBY (ID, DESCRIPTION, NAME) values (20, 'enhance enterprise bandwidth', 'CBP');
insert into HOBBY (ID, DESCRIPTION, NAME) values (21, 'target holistic infrastructures', 'Content Writing');
insert into HOBBY (ID, DESCRIPTION, NAME) values (22, 'target bleeding-edge e-services', 'Game Design');
insert into HOBBY (ID, DESCRIPTION, NAME) values (23, 'revolutionize collaborative infrastructures', 'Middle Office');
insert into HOBBY (ID, DESCRIPTION, NAME) values (24, 'implement synergistic systems', 'Rehabilitation Psychology');
insert into HOBBY (ID, DESCRIPTION, NAME) values (25, 'harness mission-critical users', 'AAUS Scientific Diver');
insert into HOBBY (ID, DESCRIPTION, NAME) values (26, 'strategize robust ROI', 'Environmental Management Systems');
insert into HOBBY (ID, DESCRIPTION, NAME) values (27, 'whiteboard world-class supply-chains', 'Onshore');
insert into HOBBY (ID, DESCRIPTION, NAME) values (28, 'deploy real-time architectures', 'Railway');
insert into HOBBY (ID, DESCRIPTION, NAME) values (29, 'reinvent sexy paradigms', 'CTM');
insert into HOBBY (ID, DESCRIPTION, NAME) values (30, 'maximize back-end networks', 'QSAR');
insert into HOBBY (ID, DESCRIPTION, NAME) values (31, 'redefine impactful convergence', 'Gnuplot');
insert into HOBBY (ID, DESCRIPTION, NAME) values (32, 'deliver plug-and-play mindshare', 'Guided Tours');
insert into HOBBY (ID, DESCRIPTION, NAME) values (33, 'streamline plug-and-play synergies', 'CFK');
insert into HOBBY (ID, DESCRIPTION, NAME) values (34, 'synergize value-added interfaces', 'Pinterest');
insert into HOBBY (ID, DESCRIPTION, NAME) values (35, 'engineer proactive systems', 'VoIP');
insert into HOBBY (ID, DESCRIPTION, NAME) values (36, 'expedite enterprise supply-chains', 'NSPS');
insert into HOBBY (ID, DESCRIPTION, NAME) values (37, 'deliver synergistic metrics', 'Quantitative Analytics');
insert into HOBBY (ID, DESCRIPTION, NAME) values (38, 'benchmark web-enabled communities', 'Oligonucleotide Synthesis');
insert into HOBBY (ID, DESCRIPTION, NAME) values (39, 'optimize seamless solutions', 'jQuery Mobile');
insert into HOBBY (ID, DESCRIPTION, NAME) values (40, 'engage real-time supply-chains', 'Managerial Finance');
insert into HOBBY (ID, DESCRIPTION, NAME) values (41, 'syndicate sexy deliverables', 'Information Security Awareness');
insert into HOBBY (ID, DESCRIPTION, NAME) values (42, 'incubate ubiquitous vortals', 'Warehousing');
insert into HOBBY (ID, DESCRIPTION, NAME) values (43, 'generate cross-platform communities', 'NVivo');
insert into HOBBY (ID, DESCRIPTION, NAME) values (44, 'implement cutting-edge infrastructures', 'Public Health');
insert into HOBBY (ID, DESCRIPTION, NAME) values (45, 'seize magnetic users', 'Krakatoa');
insert into HOBBY (ID, DESCRIPTION, NAME) values (46, 'target out-of-the-box methodologies', 'MV');
insert into HOBBY (ID, DESCRIPTION, NAME) values (47, 'recontextualize wireless functionalities', 'Posters');
insert into HOBBY (ID, DESCRIPTION, NAME) values (48, 'e-enable out-of-the-box architectures', 'Guitar');
insert into HOBBY (ID, DESCRIPTION, NAME) values (49, 'disintermediate one-to-one markets', 'Vendor Relationship Management');
insert into HOBBY (ID, DESCRIPTION, NAME) values (50, 'incentivize frictionless metrics', 'Facebook');


insert into PERSON (ID, FIRSTNAME, LASTNAME) values (51, 'Kim', 'Jesse');
insert into PERSON (ID, FIRSTNAME, LASTNAME) values (52, 'Batsheva', 'Lenormand');
insert into PERSON (ID, FIRSTNAME, LASTNAME) values (53, 'Blaine', 'Sweed');
insert into PERSON (ID, FIRSTNAME, LASTNAME) values (54, 'Farly', 'Brisker');
insert into PERSON (ID, FIRSTNAME, LASTNAME) values (55, 'Rusty', 'de Courcy');
insert into PERSON (ID, FIRSTNAME, LASTNAME) values (56, 'Karon', 'Blurton');
insert into PERSON (ID, FIRSTNAME, LASTNAME) values (57, 'Miof mela', 'Di Carlo');
insert into PERSON (ID, FIRSTNAME, LASTNAME) values (58, 'Loraine', 'Okey');
insert into PERSON (ID, FIRSTNAME, LASTNAME) values (59, 'Marys', 'Tomini');
insert into PERSON (ID, FIRSTNAME, LASTNAME) values (60, 'Abbe', 'Rayhill');
insert into PERSON (ID, FIRSTNAME, LASTNAME) values (61, 'Iggy', 'Redgewell');
insert into PERSON (ID, FIRSTNAME, LASTNAME) values (62, 'Ernestine', 'Francioli');
insert into PERSON (ID, FIRSTNAME, LASTNAME) values (63, 'Darill', 'Drescher');
insert into PERSON (ID, FIRSTNAME, LASTNAME) values (64, 'Ezri', 'Macon');
insert into PERSON (ID, FIRSTNAME, LASTNAME) values (65, 'Susann', 'Trye');
insert into PERSON (ID, FIRSTNAME, LASTNAME) values (66, 'Irv', 'Mitkov');
insert into PERSON (ID, FIRSTNAME, LASTNAME) values (67, 'Teodorico', 'Gecke');
insert into PERSON (ID, FIRSTNAME, LASTNAME) values (68, 'Margalo', 'Hacon');
insert into PERSON (ID, FIRSTNAME, LASTNAME) values (69, 'Christyna', 'Freckleton');
insert into PERSON (ID, FIRSTNAME, LASTNAME) values (70, 'Dotti', 'Joscelyne');
insert into PERSON (ID, FIRSTNAME, LASTNAME) values (71, 'Crystie', 'Leirmonth');
insert into PERSON (ID, FIRSTNAME, LASTNAME) values (72, 'Hattie', 'Kehoe');
insert into PERSON (ID, FIRSTNAME, LASTNAME) values (73, 'Maxwell', 'Andrzejowski');
insert into PERSON (ID, FIRSTNAME, LASTNAME) values (74, 'Loutitia', 'Erdis');
insert into PERSON (ID, FIRSTNAME, LASTNAME) values (75, 'Ulrikaumeko', 'Cordet');
insert into PERSON (ID, FIRSTNAME, LASTNAME) values (76, 'Saidee', 'Keach');
insert into PERSON (ID, FIRSTNAME, LASTNAME) values (77, 'Vivi', 'Arndt');
insert into PERSON (ID, FIRSTNAME, LASTNAME) values (78, 'Nigel', 'Quilkin');
insert into PERSON (ID, FIRSTNAME, LASTNAME) values (79, 'Wallache', 'Will');
insert into PERSON (ID, FIRSTNAME, LASTNAME) values (80, 'Elmo', 'Jirek');
insert into PERSON (ID, FIRSTNAME, LASTNAME) values (81, 'Kass', 'Speirs');
insert into PERSON (ID, FIRSTNAME, LASTNAME) values (82, 'Donny', 'Jeaycock');
insert into PERSON (ID, FIRSTNAME, LASTNAME) values (83, 'Fred', 'Eastbury');
insert into PERSON (ID, FIRSTNAME, LASTNAME) values (84, 'Norina', 'Levane');
insert into PERSON (ID, FIRSTNAME, LASTNAME) values (85, 'Marjy', 'Caslane');
insert into PERSON (ID, FIRSTNAME, LASTNAME) values (86, 'Gustavo', 'Rustidge');
insert into PERSON (ID, FIRSTNAME, LASTNAME) values (87, 'Cam', 'Alforde');
insert into PERSON (ID, FIRSTNAME, LASTNAME) values (88, 'Ora', 'Camin');
insert into PERSON (ID, FIRSTNAME, LASTNAME) values (89, 'Callie', 'Meas');
insert into PERSON (ID, FIRSTNAME, LASTNAME) values (90, 'Keir', 'Beechcraft');
insert into PERSON (ID, FIRSTNAME, LASTNAME) values (91, 'Filmore', 'Tamsett');
insert into PERSON (ID, FIRSTNAME, LASTNAME) values (92, 'Coraline', 'Durn');
insert into PERSON (ID, FIRSTNAME, LASTNAME) values (93, 'Waverly', 'Lamlin');
insert into PERSON (ID, FIRSTNAME, LASTNAME) values (94, 'Rebekkah', 'Bebbington');
insert into PERSON (ID, FIRSTNAME, LASTNAME) values (95, 'Viviene', 'Simioni');
insert into PERSON (ID, FIRSTNAME, LASTNAME) values (96, 'Margi', 'Vernall');
insert into PERSON (ID, FIRSTNAME, LASTNAME) values (97, 'Gilda', 'Usher');
insert into PERSON (ID, FIRSTNAME, LASTNAME) values (98, 'Roanna', 'Windham');
insert into PERSON (ID, FIRSTNAME, LASTNAME) values (99, 'Katharyn', 'Ogus');
insert into PERSON (ID, FIRSTNAME, LASTNAME) values (100, 'Janina', 'Stockhill');

insert into PERSON_HOBBY (hobbies_ID, person_id) values (2, 62);
insert into PERSON_HOBBY (hobbies_ID, person_id) values (25, 69);
insert into PERSON_HOBBY (hobbies_ID, person_id) values (41, 66);
insert into PERSON_HOBBY (hobbies_ID, person_id) values (35, 95);
insert into PERSON_HOBBY (hobbies_ID, person_id) values (23, 82);
insert into PERSON_HOBBY (hobbies_ID, person_id) values (43, 96);
insert into PERSON_HOBBY (hobbies_ID, person_id) values (26, 77);
insert into PERSON_HOBBY (hobbies_ID, person_id) values (26, 90);
insert into PERSON_HOBBY (hobbies_ID, person_id) values (6, 77);
insert into PERSON_HOBBY (hobbies_ID, person_id) values (23, 77);
insert into PERSON_HOBBY (hobbies_ID, person_id) values (38, 89);
insert into PERSON_HOBBY (hobbies_ID, person_id) values (20, 75);
insert into PERSON_HOBBY (hobbies_ID, person_id) values (47, 62);
insert into PERSON_HOBBY (hobbies_ID, person_id) values (32, 78);
insert into PERSON_HOBBY (hobbies_ID, person_id) values (11, 78);
insert into PERSON_HOBBY (hobbies_ID, person_id) values (13, 91);
insert into PERSON_HOBBY (hobbies_ID, person_id) values (24, 99);
insert into PERSON_HOBBY (hobbies_ID, person_id) values (16, 64);
insert into PERSON_HOBBY (hobbies_ID, person_id) values (6, 90);
insert into PERSON_HOBBY (hobbies_ID, person_id) values (32, 100);
insert into PERSON_HOBBY (hobbies_ID, person_id) values (31, 65);
insert into PERSON_HOBBY (hobbies_ID, person_id) values (2, 69);
insert into PERSON_HOBBY (hobbies_ID, person_id) values (42, 53);
insert into PERSON_HOBBY (hobbies_ID, person_id) values (15, 53);
insert into PERSON_HOBBY (hobbies_ID, person_id) values (19, 71);
insert into PERSON_HOBBY (hobbies_ID, person_id) values (13, 52);
insert into PERSON_HOBBY (hobbies_ID, person_id) values (43, 56);
insert into PERSON_HOBBY (hobbies_ID, person_id) values (38, 84);
insert into PERSON_HOBBY (hobbies_ID, person_id) values (10, 96);
insert into PERSON_HOBBY (hobbies_ID, person_id) values (49, 70);
insert into PERSON_HOBBY (hobbies_ID, person_id) values (50, 62);
insert into PERSON_HOBBY (hobbies_ID, person_id) values (16, 91);
insert into PERSON_HOBBY (hobbies_ID, person_id) values (43, 58);
insert into PERSON_HOBBY (hobbies_ID, person_id) values (8, 59);
insert into PERSON_HOBBY (hobbies_ID, person_id) values (9, 59);
insert into PERSON_HOBBY (hobbies_ID, person_id) values (27, 99);
insert into PERSON_HOBBY (hobbies_ID, person_id) values (2, 97);
insert into PERSON_HOBBY (hobbies_ID, person_id) values (1, 78);
insert into PERSON_HOBBY (hobbies_ID, person_id) values (2, 60);
insert into PERSON_HOBBY (hobbies_ID, person_id) values (27, 51);
insert into PERSON_HOBBY (hobbies_ID, person_id) values (30, 55);
insert into PERSON_HOBBY (hobbies_ID, person_id) values (44, 60);
insert into PERSON_HOBBY (hobbies_ID, person_id) values (48, 62);
insert into PERSON_HOBBY (hobbies_ID, person_id) values (9, 81);
insert into PERSON_HOBBY (hobbies_ID, person_id) values (3, 70);
insert into PERSON_HOBBY (hobbies_ID, person_id) values (50, 97);
insert into PERSON_HOBBY (hobbies_ID, person_id) values (34, 67);
insert into PERSON_HOBBY (hobbies_ID, person_id) values (46, 99);
insert into PERSON_HOBBY (hobbies_ID, person_id) values (29, 92);
insert into PERSON_HOBBY (hobbies_ID, person_id) values (33, 79);

insert into INFOENTITY_PHONE (InfoEntity_ID, phone_ID) values (51, 10);
insert into INFOENTITY_PHONE (InfoEntity_ID, phone_ID) values (52, 43);
insert into INFOENTITY_PHONE (InfoEntity_ID, phone_ID) values (53, 49);
insert into INFOENTITY_PHONE (InfoEntity_ID, phone_ID) values (54, 18);
insert into INFOENTITY_PHONE (InfoEntity_ID, phone_ID) values (55, 8);
insert into INFOENTITY_PHONE (InfoEntity_ID, phone_ID) values (56, 38);
insert into INFOENTITY_PHONE (InfoEntity_ID, phone_ID) values (57, 11);
insert into INFOENTITY_PHONE (InfoEntity_ID, phone_ID) values (58, 16);
insert into INFOENTITY_PHONE (InfoEntity_ID, phone_ID) values (59, 40);
insert into INFOENTITY_PHONE (InfoEntity_ID, phone_ID) values (60, 24);
insert into INFOENTITY_PHONE (InfoEntity_ID, phone_ID) values (61, 18);
insert into INFOENTITY_PHONE (InfoEntity_ID, phone_ID) values (62, 48);
insert into INFOENTITY_PHONE (InfoEntity_ID, phone_ID) values (63, 38);
insert into INFOENTITY_PHONE (InfoEntity_ID, phone_ID) values (64, 37);
insert into INFOENTITY_PHONE (InfoEntity_ID, phone_ID) values (65, 26);
insert into INFOENTITY_PHONE (InfoEntity_ID, phone_ID) values (66, 14);
insert into INFOENTITY_PHONE (InfoEntity_ID, phone_ID) values (67, 40);
insert into INFOENTITY_PHONE (InfoEntity_ID, phone_ID) values (68, 39);
insert into INFOENTITY_PHONE (InfoEntity_ID, phone_ID) values (69, 28);
insert into INFOENTITY_PHONE (InfoEntity_ID, phone_ID) values (70, 50);
insert into INFOENTITY_PHONE (InfoEntity_ID, phone_ID) values (71, 40);
insert into INFOENTITY_PHONE (InfoEntity_ID, phone_ID) values (72, 31);
insert into INFOENTITY_PHONE (InfoEntity_ID, phone_ID) values (73, 4);
insert into INFOENTITY_PHONE (InfoEntity_ID, phone_ID) values (74, 39);
insert into INFOENTITY_PHONE (InfoEntity_ID, phone_ID) values (75, 18);
insert into INFOENTITY_PHONE (InfoEntity_ID, phone_ID) values (76, 19);
insert into INFOENTITY_PHONE (InfoEntity_ID, phone_ID) values (77, 9);
insert into INFOENTITY_PHONE (InfoEntity_ID, phone_ID) values (78, 19);
insert into INFOENTITY_PHONE (InfoEntity_ID, phone_ID) values (79, 10);
insert into INFOENTITY_PHONE (InfoEntity_ID, phone_ID) values (80, 21);
insert into INFOENTITY_PHONE (InfoEntity_ID, phone_ID) values (81, 41);
insert into INFOENTITY_PHONE (InfoEntity_ID, phone_ID) values (82, 48);
insert into INFOENTITY_PHONE (InfoEntity_ID, phone_ID) values (83, 27);
insert into INFOENTITY_PHONE (InfoEntity_ID, phone_ID) values (84, 45);
insert into INFOENTITY_PHONE (InfoEntity_ID, phone_ID) values (85, 4);
insert into INFOENTITY_PHONE (InfoEntity_ID, phone_ID) values (86, 42);
insert into INFOENTITY_PHONE (InfoEntity_ID, phone_ID) values (87, 29);
insert into INFOENTITY_PHONE (InfoEntity_ID, phone_ID) values (88, 8);
insert into INFOENTITY_PHONE (InfoEntity_ID, phone_ID) values (89, 4);
insert into INFOENTITY_PHONE (InfoEntity_ID, phone_ID) values (90, 32);
insert into INFOENTITY_PHONE (InfoEntity_ID, phone_ID) values (91, 35);
insert into INFOENTITY_PHONE (InfoEntity_ID, phone_ID) values (92, 25);
insert into INFOENTITY_PHONE (InfoEntity_ID, phone_ID) values (93, 32);
insert into INFOENTITY_PHONE (InfoEntity_ID, phone_ID) values (94, 42);
insert into INFOENTITY_PHONE (InfoEntity_ID, phone_ID) values (95, 34);
insert into INFOENTITY_PHONE (InfoEntity_ID, phone_ID) values (96, 42);
insert into INFOENTITY_PHONE (InfoEntity_ID, phone_ID) values (97, 8);
insert into INFOENTITY_PHONE (InfoEntity_ID, phone_ID) values (98, 43);
insert into INFOENTITY_PHONE (InfoEntity_ID, phone_ID) values (99, 18);
insert into INFOENTITY_PHONE (InfoEntity_ID, phone_ID) values (42, 27);
insert into INFOENTITY_PHONE (InfoEntity_ID, phone_ID) values (13, 10);
insert into INFOENTITY_PHONE (InfoEntity_ID, phone_ID) values (8, 16);
insert into INFOENTITY_PHONE (InfoEntity_ID, phone_ID) values (28, 46);
insert into INFOENTITY_PHONE (InfoEntity_ID, phone_ID) values (48, 19);
insert into INFOENTITY_PHONE (InfoEntity_ID, phone_ID) values (33, 42);
insert into INFOENTITY_PHONE (InfoEntity_ID, phone_ID) values (15, 41);
insert into INFOENTITY_PHONE (InfoEntity_ID, phone_ID) values (3, 31);
insert into INFOENTITY_PHONE (InfoEntity_ID, phone_ID) values (20, 31);
insert into INFOENTITY_PHONE (InfoEntity_ID, phone_ID) values (50, 19);
insert into INFOENTITY_PHONE (InfoEntity_ID, phone_ID) values (46, 33);
insert into INFOENTITY_PHONE (InfoEntity_ID, phone_ID) values (28, 2);
